{
    "accuracy": 0.7918406681657565,
    "precision": 0.78125,
    "recall": 0.7936507936507936,
    "auc": 0.8706861865434633
}